"Qty";"Value";"Device";"Package";"Parts";"Description";"MF";"MPN";"OC_FARNELL";"OC_NEWARK";"POPULARITY";
"40";"";"DIODE-SOD-123";"SOD-123";"D1, D2, D3, D4, D6, D7, D8, D9, D10, D11, D12, D13, D14, D15, D16, D17, D18, D19, D20, D21, D22, D23, D24, D25, D26, D27, D28, D30, D31, D32, D33, D34, D35, D36, D37, D38, D39, D40, D41, D42";"Standard 1N4148 diode";"";"";"";"";"";
"1";"";"MA03-1";"MA03-1";"SV1";"PIN HEADER";"";"";"unknown";"unknown";"48";
"40";"KEYSWITCH-PLAIN-MX-1U";"KEYSWITCH-PLAIN-MX-1U";"MX-1U";"U$1, U$2, U$3, U$4, U$6, U$7, U$8, U$9, U$10, U$11, U$12, U$13, U$14, U$15, U$16, U$17, U$18, U$19, U$20, U$21, U$22, U$23, U$24, U$25, U$26, U$27, U$28, U$30, U$31, U$32, U$33, U$34, U$35, U$36, U$37, U$38, U$39, U$40, U$41, U$42";"";"";"";"";"";"";
"1";"PROMICRO";"PROMICRO";"PROMICRO";"U2";"";"";"";"";"";"";
"9";"WS2812B-MINI";"WS2812B-MINI";"WS2812B-MINI";"RGB1, RGB2, RGB3, RGB4, RGB5, RGB6, RGB7, RGB8, RGB9";"";"";"";"";"";"";
